{
  "build": {
    "beforeDevCommand": "pnpm dev",
    "beforeBuildCommand": "pnpm build",
    "devPath": "http://localhost:1420",
    "distDir": "../dist"
  },
  "package": {
    "productName": "Pengu Loader",
    "version": "1.2.0"
  },
  "tauri": {
    "allowlist": {
      "all": false,
      "dialog": {
        "all": true
      },
      "fs": {
        "all": false,
        "copyFile": false,
        "createDir": true,
        "exists": true,
        "readDir": true,
        "readFile": true,
        "removeDir": false,
        "removeFile": false,
        "renameFile": true,
        "writeFile": true,
        "scope": [
          "**"
        ]
      },
      "path": {
        "all": true
      },
      "shell": {
        "all": false,
        "open": true
      },
      "window": {
        "all": false,
        "center": false,
        "close": true,
        "create": false,
        "hide": true,
        "maximize": false,
        "minimize": true,
        "print": false,
        "requestUserAttention": false,
        "setAlwaysOnTop": false,
        "setClosable": false,
        "setContentProtected": false,
        "setCursorGrab": false,
        "setCursorIcon": false,
        "setCursorPosition": false,
        "setCursorVisible": false,
        "setDecorations": false,
        "setFocus": true,
        "setFullscreen": false,
        "setIcon": false,
        "setIgnoreCursorEvents": false,
        "setMaxSize": false,
        "setMaximizable": false,
        "setMinSize": false,
        "setMinimizable": false,
        "setPosition": false,
        "setResizable": false,
        "setSize": false,
        "setSkipTaskbar": false,
        "setTitle": true,
        "show": true,
        "startDragging": true,
        "unmaximize": false,
        "unminimize": true
      }
    },
    "systemTray": {
      "title": "Pengu Loader",
      "iconPath": "icons/icon.png",
      "iconAsTemplate": false
    },
    "security": {
      "csp": null
    },
    "bundle": {
      "active": true,
      "targets": "all",
      "identifier": "com.pengu.lol",
      "icon": [
        "icons/32x32.png",
        "icons/128x128.png",
        "icons/128x128@2x.png",
        "icons/icon.icns",
        "icons/icon.ico"
      ],
      "windows": {
        "allowDowngrades": true,
        "certificateThumbprint": null,
        "digestAlgorithm": null,
        "nsis": null,
        "timestampUrl": null,
        "tsp": false,
        "webviewFixedRuntimePath": null,
        "webviewInstallMode": {
          "type": "embedBootstrapper"
        },
        "wix": null
      }
    }
  }
}